{"loss": {"baseline": [], "proposed": []}, "bleu_on_eval": {"bleu_1": {"baseline": [], "proposed": [0.003124999813735485]}, "bleu_2": {"baseline": [], "proposed": [0.0]}, "bleu_3": {"baseline": [], "proposed": [0.0]}, "bleu_4": {"baseline": [], "proposed": [0.0]}}, "rouge_on_eval": {"rouge1": {"baseline": [], "proposed": [[0.005669570527970791, 0.0031250002793967724, 0.05882415920495987]]}, "rouge2": {"baseline": [], "proposed": [[0.0, 0.0, 0.0]]}, "rougeL": {"baseline": [], "proposed": [[0.005669570527970791, 0.0031250002793967724, 0.05882415920495987]]}, "rougeLsum": {"baseline": [], "proposed": [[0.005669570527970791, 0.0031250002793967724, 0.05882415920495987]]}}}